1,Verena,Braga,993-865-9117
2,Petra,Faughnan,962-982-6860
3,Forest,Peers,762-950-0322
4,Annis,Batrick,755-500-8841
5,Dana,Pryor,422-914-5148
6,Baird,Goodinge,285-222-7884
7,Henriette,Grinin,844-978-3732
8,Adorne,Daggett,632-580-5682
9,Catharine,Adelsberg,846-728-7545
10,Gabe,McIsaac,749-384-2471
11,Tamarra,Alwin,128-278-5301
12,Jazmin,Enriques,139-137-3902
13,Alberik,Ozintsev,292-275-6398
14,Albie,Klainer,243-628-4719
15,Mada,Phillp,138-901-7710
16,Elbert,Drynan,961-756-5114
17,Murry,Malcolmson,708-812-2197
18,Glynis,de Banke,534-252-9999
19,Gizela,Longford,705-698-5209
20,Sallyanne,Fordyce,781-899-4567
21,Jaymie,Caston,894-414-2636
22,Cirilo,Corpes,267-625-5435
23,Elfie,Farquarson,184-708-4146
24,Eda,Dunning,455-515-0852
25,Conan,Treadaway,867-230-3223
26,Buiron,McMarquis,954-786-4998
27,Norina,McCrossan,949-628-2761
28,Darrin,Kildale,798-155-8944
29,Tobi,Sowerbutts,246-863-2657
30,Lexis,Tsar,218-207-4580
31,Adriane,Flucks,251-861-8059
32,Melantha,Yeskin,753-850-5494
33,Simmonds,Colquitt,529-379-8844
34,Kala,Quadling,158-213-1616
35,Eliza,Brader,859-984-4442
36,Hastings,Geraldez,260-919-1602
37,Irita,Staker,260-759-9042
38,Clemmie,Embury,683-422-5957
39,Marlow,Barneville,749-630-5370
40,Evita,Neicho,918-686-4271
41,Angeline,McCurrie,629-894-3820
42,Dynah,Cherm,571-169-3531
43,Jeni,Blumsom,205-138-3718
44,Theodore,Lamswood,184-606-7263
45,Roddy,Hentzeler,116-708-2812
46,Cassondra,Knobell,503-511-9151
47,Cassi,Merrgen,427-702-9198
48,Jocko,Iddens,996-816-9287
49,Dollie,Rees,560-689-0514
50,Zelda,Newis,709-406-9522
51,Damian,Beckers,191-566-6740
52,Jessica,Hurdiss,182-682-1861
53,Mic,Everix,390-525-6307
54,Correy,Wentworth,182-317-8558
55,Valaree,Poveleye,688-317-1058
56,Vick,Dingivan,816-257-2667
57,Vyky,Hatrey,244-628-4355
58,Maude,Overpool,661-239-8342
59,Yelena,Meininking,630-490-8627
60,Mohandis,MacElharge,225-468-5994
61,Fran,Nordass,448-860-0802
62,Petunia,Simionescu,382-204-1384
63,Rivi,Voase,686-307-3584
64,Zola,Tompkins,339-477-3043
65,Ashlee,Ducrow,638-851-1921
66,Jennine,Rintoul,578-274-6768
67,Hilarius,Mattingly,441-451-8234
68,Dominique,Bonnett,304-345-2778
69,Faunie,Maseres,251-126-1201
70,Peg,Thurman,903-869-3620
71,Betti,Lancley,399-691-4196
72,Allina,L'oiseau,626-273-7195
73,Jennilee,Annis,862-412-7085
74,Anatol,Bronger,913-741-1456
75,Hetti,Crimes,291-801-8194
76,Lloyd,Brind,991-961-4234
77,Bud,Scrowby,535-984-5802
78,Orelle,Rubberts,402-255-8506
79,Esdras,Piscot,844-376-6460
80,Kaela,Collingridge,587-279-0159
81,Matty,Challender,844-921-6798
82,Meier,Collidge,856-167-6563
83,Ade,Ennever,329-703-7477
84,Emlen,Mc Caughan,852-533-5115
85,Loralee,Kernell,517-592-7687
86,Sibyl,Spragge,410-173-2549
87,Galvan,Maeer,772-487-9861
88,Harbert,Castro,493-642-3020
89,Nye,Chesson,460-914-2279
90,Mirilla,Moorton,905-142-8322
91,Timotheus,Secretan,500-811-1423
92,Sloane,Yare,238-989-4944
93,Simeon,Cleeve,536-566-1521
94,Abie,Mackness,260-991-6482
95,Aretha,Eckley,717-454-7823
96,Magda,Daltry,984-353-2737
97,Kain,Petrushanko,950-164-5218
98,Martin,Schnieder,288-151-5938
99,Coriss,Whiteley,514-406-3181
100,Jeth,Fryett,227-935-5211
101,Farris,Tompkinson,205-939-0510
102,Petey,Mafham,867-418-8463
103,Tammy,Drever,302-177-3016
104,Sherman,Clemas,351-838-5744
105,Brianne,Norkutt,180-685-2604
106,Lise,Laurie,327-588-4011
107,Hermina,Harral,123-365-9449
108,Kearney,Rendell,567-460-9797
109,Siusan,Ansill,428-959-0352
110,Elane,Lahrs,801-255-7082
111,Candace,Loudyan,577-928-3510
112,Dulcy,Moulin,512-434-7052
113,Tootsie,Hadfield,174-958-6935
114,Auberon,Fettis,675-739-8396
115,Ivette,De Brett,951-519-3976
116,Cathlene,Laurenty,897-296-5547
117,Lowrance,Heppner,294-986-0159
118,Gerty,Lamplough,406-658-7232
119,Claudio,Seabright,703-164-0715
120,Danita,Spavon,951-949-2976
121,Perle,McEniry,711-664-0686
122,Donavon,Cogdon,672-594-5082
123,Horatia,Myrie,717-736-5747
124,Jacquelin,Kayes,315-823-4333
125,Frayda,Sinfield,334-544-8695
126,Leola,Artingstall,534-558-9959
127,Demetris,Mac Geaney,310-916-1607
128,Chico,Screaton,807-339-1870
129,Audrie,Kelmere,198-719-3564
130,Gabrielle,Mc Combe,869-861-1716
131,Gill,Starbuck,717-636-5686
132,Andras,Gynn,537-230-1520
133,Ruby,Monshall,372-206-5480
134,Deina,Coomer,265-267-6398
135,Winifield,Balnave,666-557-0864
136,Hestia,Fissenden,669-614-1643
137,Bar,Ramsted,813-114-8409
138,Omero,Cordey,947-150-3358
139,Aprilette,Klaiser,874-384-4712
140,Kean,Duffitt,735-920-3242
141,Kyle,Willock,848-150-2287
142,Gordon,Andree,963-858-3147
143,Xenia,Cantillion,185-338-0451
144,Sharona,Hunt,289-223-7369
145,Edsel,Simmonite,887-517-2423
146,Aubert,Hackford,160-134-5543
147,Lauren,Newnham,643-429-0200
148,Valina,Pennell,118-589-2064
149,Richard,Gerg,862-316-8187
150,Barclay,Sellor,805-470-3025
151,Lawrence,Liveing,244-174-2559
152,Paige,Quigley,979-265-2925
153,Jobye,Menicomb,407-151-9893
154,Baillie,Attenbrow,375-104-9911
155,Jillane,Grafhom,367-111-0083
156,Cristobal,Goff,300-296-4942
157,Elly,Cote,504-974-5676
158,Ario,Kelledy,141-853-7630
159,Irita,Whitham,281-394-9296
160,Adah,Gisbourn,286-395-3300
161,Erin,Gress,782-956-5652
162,Barbette,Boggish,757-164-1681
163,Nola,Seals,336-173-4979
164,Lydon,Pitney,718-516-3517
165,Stavros,Fendlow,664-296-8657
166,Major,Kembry,239-440-3611
167,Norrie,Morgan,777-140-1047
168,Eleanor,Soigoux,142-377-2290
169,Bernadene,Mold,955-901-3875
170,Allie,Arstingall,577-895-6026
171,Roxy,Freake,550-849-9852
172,Cecelia,Beert,238-347-2294
173,Karla,McGinlay,441-587-1792
174,Bogey,Leber,941-753-9408
175,Lyle,Toderini,765-191-5106
176,Flss,Ucchino,837-955-2827
177,Kinsley,Gutierrez,185-957-6643
178,Katherina,Beevor,670-149-4321
179,Magda,Mawhinney,217-204-2822
180,Cathyleen,Giacobazzi,199-168-9733
181,Dulsea,Inkles,496-868-4363
182,Emlyn,Diggins,804-426-3125
183,Scarlet,Hasnip,326-679-8912
184,Wenona,McAsgill,786-379-7150
185,Tiphanie,Aldcorn,814-542-9470
186,Ronnie,Temby,298-506-0047
187,Park,Binne,512-334-3635
188,Garold,Dracey,840-771-6942
189,Ranique,Hoy,739-404-5382
190,Christos,Claybourne,425-562-7291
191,Aloin,Grennan,192-614-0216
192,Lanni,Yakob,703-480-6877
193,Jo,Philipeau,678-382-6517
194,Garland,Penman,557-987-8736
195,Josy,Mullan,736-309-1093
196,Zack,Scarff,584-711-0180
197,Kristofer,Reddings,654-402-8134
198,Hobey,Raoux,380-788-1572
199,Gloriana,Wickson,815-568-5738
200,Richmound,Poe,137-995-6466
201,Lanny,Hexam,198-501-7820
202,Paulita,Fladgate,567-140-6853
203,Erich,Leavesley,239-247-2780
204,Benoit,Brugden,422-857-0330
205,Darrel,Thrift,811-253-3606
206,Aurelie,Berens,167-154-4623
207,Clerc,Sword,408-347-7806
208,Reinald,Giovannelli,919-635-2093
209,Malynda,Gaule,596-721-4544
210,Milzie,De Angelis,670-733-8880
211,Gregoire,Fullerton,549-444-9156
212,Desirae,Binch,947-198-0051
213,Venita,Libri,872-219-1445
214,Lonna,Towl,501-354-1333
215,Joey,Piscotti,377-799-5179
216,Dominique,Abbotson,201-932-8561
217,Roseanne,Dripps,225-491-7082
218,Beverley,McMullen,623-671-4459
219,Thorpe,Eynald,701-212-2579
220,Veda,Veck,896-980-4524
221,Marisa,Boundley,382-490-3135
222,Chiquia,Kilgrove,493-253-9073
223,Hill,O'Hannen,633-927-8348
224,Kettie,Danielsen,639-403-6191
225,Moyra,O'Cahill,233-405-0695
226,Diandra,Marcham,900-997-7256
227,Kevan,Claiton,583-538-0441
228,Elaina,Bartrum,544-835-6422
229,Agatha,Sugge,794-825-1161
230,Nicki,Schoales,146-616-4147
231,Reid,Friatt,263-108-9855
232,Quinton,Gayter,167-559-9300
233,Charita,Lead,456-365-5137
234,Fredrika,Hegden,540-453-4103
235,Franciska,Lownds,973-367-8099
236,Trixi,Steinson,167-889-5498
237,Tova,Abrahams,117-513-2354
238,Phillida,Jobbing,219-727-3910
239,Sherm,McKechnie,135-763-7526
240,Corey,Sennett,428-938-3074
241,Jannel,Darlison,888-900-9019
242,Leticia,Gilmartin,284-776-9244
243,Svend,Chadband,949-142-6474
244,Holli,Thomazin,680-998-5175
245,Idell,Barrell,392-348-7557
246,Maura,Kulicke,617-511-5406
247,Berna,Hounsham,119-279-1904
248,Bili,Iacobassi,111-987-1188
249,Antonie,Foulds,889-175-4524
250,Thaddus,Kielty,589-902-9461
251,Silvia,Caile,806-797-0478
252,Taffy,Penhallurick,927-485-4465
253,Ollie,Saterweyte,855-386-1080
254,Penny,Hendin,838-381-9529
255,Nolan,Mulqueeny,766-328-8154
256,Jasen,Korlat,467-448-9162
257,Roanna,Gentle,917-140-5273
258,Ileana,Haddacks,804-187-9884
259,Sherie,Yakovl,940-797-0388
260,Patty,Loton,306-169-7321
261,Felice,Summerscales,571-741-9959
262,Trip,Filby,966-559-7281
263,Ludvig,Clewett,802-345-8253
264,Nestor,Clementi,230-551-1902
265,Pammi,Atwood,197-886-4540
266,Natalee,Chamberlayne,390-963-3839
267,Ida,Strangeways,833-832-1567
268,Jacky,Leathwood,663-716-4522
269,Roth,Cammidge,551-901-1313
270,Collen,Van der Mark,922-772-7166
271,Nikkie,Gamon,776-701-8223
272,Flem,Mapowder,346-620-5140
273,Shanie,Mendonca,313-610-8380
274,Lefty,Jarmain,418-753-4193
275,Madelina,Roslen,868-896-0236
276,Ernestus,Von Salzberg,703-459-0494
277,Trevor,Faithfull,690-548-7297
278,Sara,Hendricks,722-776-9639
279,Worthy,Quinney,963-505-0522
280,Arlinda,Gosland,241-180-1370
281,Morey,Klouz,580-826-9889
282,Ive,Willshere,308-177-3127
283,Sampson,O'Riordan,456-778-9722
284,Roth,Teanby,970-914-2787
285,Ford,Boards,799-157-3731
286,Shanie,De La Salle,213-991-8371
287,Belia,Surguine,423-715-0198
288,Di,Willock,989-503-8848
289,Ansell,Carmody,357-819-3968
290,Sibyl,Petzold,911-846-8379
291,Olva,Loseby,576-352-5062
292,Carlen,Ferrea,285-628-5130
293,Desmund,Kasbye,304-616-9810
294,Quincy,Mutch,797-373-9941
295,Murray,Howling,158-215-3391
296,Frederik,Cantera,320-341-5448
297,Nevil,Cowderoy,261-127-2066
298,Clarence,Eseler,292-607-2198
299,Richmond,Dymoke,115-731-7925
300,Babbette,Caw,342-511-0391
301,Eula,Kirrage,156-727-9486
302,Angelique,Burden,389-234-9647
303,Dierdre,Piet,159-600-6447
304,Elisabetta,Jeannot,841-824-4015
305,Conni,Mesant,912-419-0918
306,Mark,Knevit,839-432-7111
307,Dalton,Ovett,851-679-4766
308,Eran,Tripe,468-682-9097
309,Marjie,Girton,640-614-3081
310,Denyse,Procter,664-937-1765
311,Warden,Lomb,144-649-9230
312,Debora,Andreone,559-273-8405
313,Koralle,Esley,141-859-8392
314,Sandy,Sandland,740-252-4003
315,Holly,Truswell,797-136-8146
316,Renaldo,Abbis,882-508-0962
317,Jae,Hodinton,841-415-5807
318,Alva,Pollen,295-942-9448
319,Ivie,Sheen,795-504-1279
320,Marlee,Bellwood,934-113-1541
321,Lonny,MacNucator,508-901-5564
322,Blanch,Fayre,750-625-0256
323,Hinda,Vockins,256-797-8287
324,Keane,Luisetti,271-941-2178
325,Melonie,Viant,826-228-4027
326,Cissiee,Byass,103-181-8032
327,Myrwyn,Addinall,578-464-1930
328,Kaile,Lascelles,575-261-5238
329,Genny,Featherstonhaugh,996-864-6024
330,Christy,Follit,207-479-9140
331,Gretna,McDell,673-202-0997
332,Fanechka,Sends,522-585-5434
333,Petronilla,Layhe,345-139-9595
334,Michelle,Daintith,472-510-6695
335,Dorie,Garmans,218-560-0889
336,Jeremiah,Hanny,803-658-5160
337,Robby,Hovenden,453-932-5634
338,Heidie,Spickett,921-907-5120
339,Ailsun,Fosken,392-567-5466
340,Faun,Downgate,826-159-3409
341,Anthia,Brearty,521-527-9581
342,Guthry,Doe,534-927-2525
343,Constancia,Dod,393-778-2466
344,Julianne,Roseburgh,201-557-0969
345,Winnie,Staner,620-414-7701
346,Thorvald,Rodgers,809-683-8461
347,Randie,oldey,149-453-6521
348,Nani,Barajas,787-824-5206
349,Lona,Chelley,305-817-6150
350,Joela,Wey,430-674-4000
351,Mac,Zanre,806-346-6753
352,Marie-jeanne,Boorn,497-719-5963
353,Jori,Plaunch,330-576-1012
354,Lila,Raecroft,583-473-5864
355,Keslie,Goding,793-842-6085
356,Samaria,Matussow,128-455-5729
357,Babb,Durbyn,166-829-4828
358,Dacy,Lemmanbie,190-622-6934
359,Ara,Abbie,570-250-0070
360,Velvet,Grigor,703-345-1193
361,Tony,Rudsdell,210-504-1357
362,Xaviera,Manderson,353-410-1052
363,Kenyon,Gammage,686-829-1453
364,Bear,Abbate,427-335-7925
365,Wenda,Fuster,560-193-1475
366,Dniren,Hamsson,333-343-2861
367,Burk,Hawksby,941-204-5838
368,Willis,Dummigan,590-894-7436
369,Clare,Sends,284-973-6737
370,Noami,Woodrow,714-939-6357
371,Nina,Vlasov,168-558-3230
372,Harlan,Lanaway,476-285-6316
373,Alan,Cuffley,962-638-5053
374,Florian,Vigrass,572-481-0963
375,Braden,McMorran,683-100-7969
376,Kiley,Flowerdew,388-524-0379
377,Maddi,Ratley,363-523-6114
378,Rois,Platts,658-219-2114
379,Celestyna,Rothermel,528-514-6465
380,Pier,Bentje,708-935-9485
381,Gavrielle,Welfair,599-465-1436
382,Skip,Spillard,841-420-2354
383,Wayland,Drynan,794-396-2479
384,Ariel,Merigon,649-226-3153
385,Elisha,Mayberry,457-721-9809
386,Pammie,Rhydderch,667-671-0648
387,Reinald,Hyam,993-126-9863
388,Nero,Druce,379-335-8242
389,Brandy,Monini,946-817-8196
390,Genny,Volks,355-835-8465
391,Dominique,Pitrasso,738-615-3466
392,Dot,Ocheltree,940-164-8213
393,Caspar,Wardrope,421-639-4699
394,Abigale,Deverock,357-350-5255
395,Shirleen,Pettwood,733-550-3499
396,Nikita,Oldmeadow,960-299-5003
397,Alene,Rosbottom,205-855-9801
398,Chester,Stacey,725-390-1067
399,Tonye,McCracken,262-415-6148
400,Othella,Bovingdon,121-542-3119
401,Kristos,Burghall,486-516-0409
402,Heida,Vallery,454-633-1049
403,Hamnet,McSporon,944-378-9348
404,Nicolette,O' Liddy,427-744-4478
405,Tadeo,Tatem,250-571-2439
406,Renate,Bosson,964-376-1536
407,Helga,Inglesent,595-429-0566
408,Jen,McKee,429-934-7765
409,Sheffield,Canet,922-287-3326
410,Russell,Circuit,378-759-2702
411,Devlin,Pitkeathly,900-997-6962
412,Humfrid,Cristoforo,861-727-3880
413,Prudence,Espinas,223-506-2962
414,Sophia,Bugg,436-974-4160
415,Gasparo,Gregolotti,360-441-5875
416,Martie,Etheredge,996-543-6913
417,Franky,Gales,123-211-5848
418,Kassie,Small,827-961-4043
419,Goldie,Purves,918-278-3652
420,Antin,Arnett,953-418-5580
421,Ki,Mitchener,699-409-2332
422,Costanza,Merrell,554-702-4790
423,Serena,Breawood,816-838-4953
424,Yoko,Carbry,988-481-2291
425,Fannie,Ginger,575-496-9270
426,Patti,Hunnaball,807-992-9536
427,Damien,Richt,316-654-2523
428,Olympe,Goodwins,842-308-8321
429,Bing,Uman,243-847-6934
430,Valle,Murcott,454-299-9721
431,Klement,Foulks,791-793-1896
432,Conrade,Gant,998-782-0903
433,Alex,Circuitt,839-929-5991
434,Antin,Kinahan,678-346-6112
435,Monty,Crush,562-555-4746
436,Buckie,Eykelhof,430-159-5161
437,Dora,Dolley,438-277-8412
438,Leanor,Zannetti,453-450-7026
439,Mariam,Obal,213-601-6686
440,Liliane,Weldrake,991-576-1131
441,Hyacintha,Yurmanovev,141-483-4197
442,Coralie,Brushneen,450-402-2544
443,Alleyn,Essam,775-872-9165
444,Berkley,Segar,839-763-7420
445,Gabriele,Coates,556-614-7332
446,Haskell,Pettyfar,652-680-4031
447,Seumas,Rozanski,426-173-4872
448,Nesta,Oventon,716-846-8889
449,Danette,Dana,612-984-8362
450,Shawna,Caslett,342-356-1009
451,Chantal,Syddall,867-273-2336
452,Alejandrina,Whittenbury,326-599-4712
453,Zacharie,Gianasi,522-615-3636
454,Terrell,Filintsev,740-960-5141
455,Wyatt,Settle,717-370-2372
456,Emmery,Hubatsch,230-906-3592
457,Carlye,Cockren,505-327-0084
458,Nerita,Bushel,232-383-6401
459,Lacy,Bickmore,960-737-0244
460,Hubert,Dudenie,339-973-6391
461,Bastian,Pendergast,314-980-6876
462,Jodie,Cardon,729-561-8012
463,Benedetta,Libbey,289-343-9376
464,Wyatt,McAne,799-349-9944
465,Kevina,Bambrough,560-791-9205
466,Annie,Richichi,307-683-1880
467,Blythe,Egdale,324-523-6681
468,Lemuel,Doram,274-276-4592
469,Lazar,Spears,616-162-1255
470,Berri,Escreet,696-725-2561
471,Benita,Drinkhall,604-770-8925
472,Ophelia,Colbridge,543-482-9715
473,Blondie,Woolard,988-560-0288
474,Karen,Guenther,246-694-7369
475,Aubrey,Crockatt,654-575-3753
476,Jabez,Fairs,290-278-4421
477,Edyth,Flacknell,347-521-2486
478,Gabie,Fannin,774-824-4281
479,Bird,Shearn,715-755-8157
480,Any,Cerie,867-356-7973
481,Deeanne,Andrzejczak,134-123-2728
482,Verne,Latan,787-432-0360
483,Doralynn,O'Fallon,105-627-5044
484,Milissent,Danielsohn,962-254-6649
485,Titos,McGeaney,741-715-5647
486,Umeko,Van Waadenburg,424-564-8425
487,Jaynell,Joiris,274-137-9034
488,Anita,Cramphorn,510-478-0505
489,Constantine,Coll,317-682-3383
490,Albie,Blazdell,346-632-4739
491,Averell,Iggo,736-153-7470
492,Selig,Durnall,663-290-9015
493,Kaitlyn,Marwick,454-794-5313
494,Francklyn,Bulteel,990-417-3638
495,Dody,Caldeyroux,376-842-8067
496,Jakob,Varne,424-223-0603
497,Grant,Halfpenny,193-327-3646
498,Angelita,Boast,726-764-1832
499,Arielle,Treswell,482-507-1208
500,Brent,Fernanando,232-568-9502
501,Celestia,Chesterton,458-271-5996
502,Geoffry,Morsey,704-825-9662
503,Morna,McSweeney,813-870-1342
504,Cyndy,Hanwright,793-818-2454
505,Buckie,Wallbank,206-672-8099
506,Ann,Totterdell,731-952-8008
507,Jessamine,Drees,799-946-9600
508,Arlyne,Mowsdale,296-627-1279
509,Alexei,Sibray,325-161-1407
510,Keene,Cancellieri,843-393-3171
511,Lynn,Smallsman,414-118-4568
512,Melody,Treleven,808-844-5104
513,Hedwig,Boon,892-627-3402
514,Miquela,Rudram,775-873-9467
515,Niall,Springford,926-863-3815
516,Cello,Waud,886-402-9043
517,Ruthie,England,763-615-9049
518,Ulberto,L'argent,770-271-7565
519,Dyana,Prestner,273-549-7376
520,Halimeda,Stracey,633-298-9781
521,Griswold,Cash,347-350-4939
522,Winfred,Crasswell,743-154-4146
523,Kamillah,Gyenes,943-850-1129
524,Hermina,Nazer,877-680-9502
525,Arch,Eldrid,339-559-3824
526,Glad,Flower,517-311-2945
527,Nico,Kas,195-398-3598
528,Aubree,Stower,525-304-8115
529,Arleta,Ambrosio,686-105-6331
530,Onida,Skowcraft,324-483-5123
531,Berkeley,Schooley,614-677-8493
532,Giordano,Philippet,430-931-8805
533,Dorian,Galilee,126-676-0224
534,Skipper,Matteuzzi,522-722-1586
535,Lisbeth,Das,491-874-8957
536,Vitia,Kach,629-462-8873
537,Ingram,Filliskirk,943-668-0056
538,Brigitte,Sedgebeer,963-823-2884
539,Mick,Petworth,792-850-4669
540,Laughton,De Benedictis,842-300-4901
541,Karil,Brito,588-683-0465
542,Javier,Cejka,225-576-7123
543,Dulci,Rickhuss,343-248-5785
544,Sheffield,Ogden,653-321-7655
545,Cly,Klimkowski,680-358-3702
546,Debbi,Swaite,962-206-9583
547,Consalve,Corradini,949-676-1605
548,Emera,Lidgett,431-401-8808
549,Anabella,Heindle,404-376-9985
550,Beau,Sillito,295-892-5273
551,Jana,Mugleston,682-102-8648
552,Alexandr,Rodbourne,941-538-9409
553,Trula,Henighan,901-596-0753
554,Ivie,Cranstoun,591-741-5277
555,Rosemary,Yellep,682-564-8982
556,Amabelle,Oxborough,299-158-4412
557,Madalena,Axford,816-488-5342
558,Caresse,Huygens,976-157-8174
559,Borg,Frizzell,803-886-9896
560,Fawnia,Podbury,587-866-8353
561,Wynnie,Kitley,616-706-1295
562,Chrotoem,Jekyll,145-840-5891
563,May,Hardaker,744-300-5554
564,Tris,Bolte,133-779-2791
565,Griffy,Trevor,886-866-7257
566,Annelise,Del Castello,662-251-1940
567,Dona,Cyphus,841-606-8761
568,Hanson,Pountney,571-934-6922
569,Eda,Faltin,876-393-9274
570,Laraine,Keach,734-860-9280
571,Rosana,Kingsnorth,122-994-1794
572,Elga,Real,907-565-3732
573,Correy,Pordall,410-418-5637
574,Willyt,Eakle,770-988-6281
575,Gaylord,Doubrava,379-636-9653
576,Richy,Liepina,846-997-4154
577,Camel,Esche,581-259-3907
578,Jeddy,Marieton,323-835-0597
579,Rodolphe,Walenta,310-815-2908
580,Cord,Treppas,962-854-7353
581,Yancey,McKibben,998-724-4393
582,Lawry,McClintock,556-242-2661
583,Any,Belcham,444-145-6294
584,Reamonn,Garfield,898-509-0906
585,Weidar,Ben,315-648-6461
586,Fayette,Bradbrook,625-961-4963
587,Saundra,Spratt,320-590-5635
588,Joachim,Dreakin,539-492-6531
589,Tymothy,Fairfoot,817-353-8532
590,Tailor,Guslon,517-397-1027
591,Elsa,St. Quintin,457-278-3327
592,Blondelle,Kerswell,251-959-6583
593,Kenna,Refford,440-212-7456
594,Ermina,Artist,777-429-1312
595,Randie,Baigrie,674-940-9418
596,Renado,Tantrum,487-573-9414
597,Dorothee,Cheyney,570-399-3999
598,Danielle,Mayow,925-605-8506
599,Tobe,Dibbin,264-334-5638
600,Laurence,Meachen,458-670-2664
601,Abigale,Brimelow,285-831-3448
602,Helli,Gotling,123-190-5443
603,Blinnie,Dampney,580-647-8850
604,Jerrilee,Joppich,592-256-6694
605,Mamie,Inkpin,286-195-3676
606,Rowney,Lortzing,411-993-0888
607,Lucky,Papen,209-614-9777
608,Gweneth,O'Hollegan,154-262-1392
609,Mac,Dradey,420-334-9200
610,Jocko,Ferrandez,278-397-4727
611,Marcelline,Garrelts,743-925-1680
612,Myron,Groucutt,440-216-1794
613,Klara,Mathwin,344-671-8606
614,Bekki,Whodcoat,553-342-0336
615,Gertie,Attersoll,641-282-9802
616,Willy,Quoit,988-306-2917
617,Georgeanne,Luebbert,517-788-2915
618,Allsun,MacClinton,898-412-4001
619,Madlin,Kubas,353-697-4032
620,Marjie,Lomb,125-305-9809
621,Xylia,Carabine,782-355-0685
622,Jeremiah,Morrow,321-847-1450
623,Aryn,Rodrigues,463-311-3491
624,Bond,Ebbles,784-142-7492
625,Edwin,Mee,127-771-6762
626,Gareth,Molloy,776-883-8565
627,Carney,Ogborn,893-874-8532
628,Lee,Walsh,471-564-9347
629,Alva,Durn,667-174-1980
630,Verile,Espinosa,912-961-6170
631,Iain,Tidridge,276-330-4311
632,Adriana,Ullock,998-219-6766
633,Kiersten,Basset,321-492-6418
634,Annecorinne,Blakeway,100-371-7351
635,Kendall,Painter,442-812-9818
636,Claus,Marham,396-511-7723
637,Calv,Kaufman,853-986-8587
638,Krissie,Powter,132-244-9376
639,Sunny,Oldacres,968-158-5527
640,Neysa,Pulhoster,750-111-0346
641,Gabbi,Whittlesey,547-664-4728
642,Meredith,Creer,985-102-7839
643,Maisie,Heinig,301-183-7194
644,Xaviera,Breitler,756-579-8547
645,Englebert,Ventom,414-871-1123
646,Hersch,Mourgue,972-522-9731
647,Yale,Audiss,813-152-9740
648,Cleveland,Lebourn,550-976-7353
649,Gus,Kidstone,307-463-3773
650,Kelila,Nolda,694-483-8653
651,Alexina,Linnane,160-825-9930
652,Ariela,Eburah,205-594-8267
653,Lenard,Stannett,607-896-1129
654,Chane,Seamarke,390-156-8110
655,Row,Fairham,697-721-6377
656,Clevey,Van der Spohr,707-172-2930
657,Elwin,Grimm,386-613-8213
658,Carie,Wrinch,170-574-1996
659,Izaak,Owen,715-676-2131
660,Melly,Morrant,854-720-9005
661,Sharla,Buffy,622-609-9797
662,Emilee,Sellor,282-572-7497
663,Jazmin,Allison,393-671-3400
664,Menard,Laurent,316-431-2769
665,Tim,Crut,646-483-3016
666,Fitzgerald,Rodgier,859-125-2729
667,Diana,Yelyashev,415-256-1753
668,Minny,Cragg,412-746-5905
669,Millie,Jura,468-770-2716
670,Marni,Juares,457-698-2090
671,Eddy,Batey,342-727-0601
672,Sergent,Valentin,382-542-0341
673,Bambie,Dore,757-458-5291
674,Rufus,Seyler,994-498-5839
675,Rania,Ewings,131-419-2257
676,Pepe,Japp,263-492-9056
677,Moise,Moger,665-576-6563
678,Arden,Phillp,575-270-7565
679,Chryste,Kall,227-568-3153
680,Wenona,Kezor,967-438-6926
681,D'arcy,Carlyle,659-796-5755
682,Anallese,MacCauley,672-633-0006
683,Melodie,Leyrroyd,385-946-9196
684,Marci,Ledgerton,262-282-4118
685,Rose,Astley,513-891-2536
686,Laryssa,Lydall,824-835-1072
687,Margaretta,Sobtka,320-654-4625
688,Minetta,Shemelt,657-445-2881
689,Gun,Dumsday,212-855-4157
690,Neddy,Halpen,663-732-5344
691,Anissa,Tytler,592-749-1151
692,Arabel,Pietzner,413-537-0468
693,Jacquelin,Bolt,936-765-0725
694,Guthrie,Zoren,960-788-6991
695,Mitzi,Jeffels,283-890-9232
696,Carlo,Aizik,867-835-6276
697,Arabella,Dossett,254-308-7485
698,Lee,Seabridge,720-584-9042
699,Nehemiah,Sharrier,156-406-3932
700,Sher,Ruby,272-345-7881
701,Nealson,Corringham,287-543-4259
702,Prudy,Gallihawk,971-886-9370
703,Forester,Kingscote,489-625-4501
704,Marja,Vigours,396-963-7060
705,Irv,Robertucci,677-789-4726
706,Petronilla,McGaugie,695-545-4207
707,Wenda,Satterlee,921-569-1270
708,Yule,Marfe,817-245-9786
709,Constancy,Leffek,338-843-1279
710,Cole,Lyne,231-909-6142
711,Costa,D'Ambrosio,579-660-0193
712,Lucita,Capener,131-390-1960
713,Fred,Tytler,807-955-0246
714,Bonnee,Middiff,332-969-5575
715,Briano,Cranefield,702-247-8610
716,Justina,Currey,363-874-7471
717,Wendel,Filpo,643-958-7321
718,Augustus,Muggleton,929-919-5626
719,Niki,Fairholm,891-897-7323
720,Jacinta,Harral,203-431-4186
721,Richmound,Risom,258-761-1937
722,Troy,Brammer,118-453-7355
723,Georgiana,Sor,291-174-6963
724,Bevon,Haskew,717-648-0475
725,Dwayne,McIlreavy,104-503-7531
726,Katrine,Sharpus,305-545-6134
727,Kit,Loverock,572-323-8057
728,Donnajean,Liff,342-204-2598
729,Karalynn,Bleby,333-841-5840
730,Christian,Scole,537-757-1590
731,Barri,Steggals,249-104-5602
732,Irina,O'Hoey,314-967-5630
733,Maynord,Jarmain,510-764-1524
734,Ingmar,Sloane,911-568-4840
735,Orly,Sleightholm,709-965-2412
736,Melony,Tedman,527-336-8359
737,Juana,Gain,451-425-6372
738,Tarrance,Bradburne,109-828-1269
739,Torey,Haggish,144-187-4382
740,Jenine,Yakuntsov,128-238-8411
741,Burnaby,Blackly,958-467-9775
742,Arlena,Frostdicke,508-314-2300
743,Camilla,Tomasz,766-768-4432
744,Noe,Killough,436-470-6965
745,Sophie,Bather,972-438-5384
746,Rosella,Tobin,983-543-4265
747,Cordi,Leynagh,498-336-8552
748,Hillary,Syred,563-587-8233
749,Minetta,Figgs,318-567-9076
750,Ania,Spileman,903-585-3412
751,Rora,Mustoo,346-328-1886
752,Margie,Selway,828-611-3357
753,Paloma,Benmore,528-214-1105
754,Melodee,Baldcock,170-700-2255
755,Saunder,Perel,905-115-1897
756,Phelia,Roarty,558-194-3238
757,Nanice,Filipovic,373-458-0898
758,Dallis,Lawdham,738-122-8123
759,Myrah,Hartfleet,691-641-3847
760,Brig,Kimbell,696-309-8945
761,Benjy,Standring,808-301-8267
762,Pollyanna,Le Surf,560-632-8427
763,Karissa,Giacomello,926-290-4623
764,Gris,Garrity,225-186-2070
765,Yoko,Julyan,290-443-7164
766,Rogerio,Ridler,669-417-0586
767,Conrade,Rignall,198-270-2334
768,Hall,Degli Abbati,515-457-6918
769,Jasmina,Wixey,288-694-2306
770,Vania,Lowey,270-350-8701
771,Maryl,McShea,933-486-0609
772,Alexandr,Beardon,281-367-7693
773,Tersina,Duckers,639-882-1293
774,Lucille,Glencrosche,433-221-6140
775,Mozelle,Kidds,535-227-9305
776,Kasper,Ozanne,532-587-0683
777,Isadora,Balcers,961-392-3447
778,Jeno,Dunning,111-808-0040
779,Audrye,Farnes,666-132-3653
780,Hank,Sasser,605-566-1149
781,Wini,De Domenici,222-842-7873
782,Gabriella,Killgus,292-664-6992
783,Clayton,Bake,913-160-4694
784,Gibb,Matuszyk,197-511-5011
785,Fidel,Aleksankin,908-517-3634
786,Binny,Moon,433-229-6114
787,Rivalee,Basten,163-560-3563
788,Melinda,Brighty,600-696-6818
789,Kimmy,Morley,736-535-3433
790,Walden,Secret,418-620-7916
791,Bellanca,Ruttgers,885-409-8348
792,Cari,Chafney,567-799-5335
793,Kerrin,Meo,924-760-5963
794,Janeva,Testin,722-962-7681
795,Laryssa,Cordet,374-430-0446
796,Juan,Rangeley,336-693-5655
797,Lorelle,Kimberly,369-970-5474
798,Roarke,St Ange,595-204-0323
799,Bonita,Wreiford,120-816-2804
800,Gannon,Farnorth,419-991-0225
801,Sela,Keeves,915-416-3210
802,Adelina,Mariault,265-871-0843
803,Rozamond,Greenall,284-655-4804
804,Pacorro,Bethune,311-985-8194
805,Annetta,Angrick,912-382-0824
806,Gaven,MacMaster,177-465-8821
807,Althea,Righy,564-776-4659
808,Dannie,Burdon,553-327-2044
809,Karlan,Dohms,831-330-6345
810,Darell,Epple,907-323-6033
811,Chas,Reddie,732-868-4254
812,Amye,Catto,717-525-7709
813,Dud,Mosedill,367-820-3854
814,Kathryn,Chiese,859-860-7318
815,Gilburt,Franzetti,309-453-7764
816,Kalina,McAvey,766-995-5405
817,Rufe,Sture,661-485-5284
818,Pryce,Adamou,976-677-4955
819,Ajay,Houliston,771-437-2149
820,Westley,Wilkenson,586-293-8228
821,Dosi,Hansana,505-482-4449
822,Pablo,Canty,697-536-9828
823,Christan,Carlon,779-903-9443
824,Lorianne,Louthe,665-125-3786
825,Jehu,Southon,376-879-5966
826,Geralda,McKain,133-217-5070
827,Nye,Gowen,960-617-9932
828,Mathilde,McCarver,785-203-4634
829,Dyanna,McCloy,834-126-0645
830,Raimundo,Nisen,485-285-0019
831,Kirsti,Draper,947-640-6799
832,Trent,Espinel,336-878-5722
833,Olympia,Willerson,433-810-8525
834,Tabbi,Crow,471-309-9402
835,Erskine,Tearle,476-688-4255
836,Mina,Gilogly,330-311-5684
837,Bambie,Jasiak,697-565-4681
838,Sylvia,Antoszewski,954-262-7470
839,Tamarah,Dome,201-512-4112
840,Albie,McCadden,760-357-5882
841,Xenia,Osman,561-756-7308
842,Rosalind,Reeme,557-678-1962
843,Maddy,Kenwin,421-668-1623
844,Zaria,Valentelli,696-115-4014
845,Cordie,Covendon,527-319-5848
846,April,Ubsdale,889-990-7830
847,Lauren,Giacobini,207-622-2458
848,Leigh,Chapell,309-980-2137
849,Karlie,Allanson,471-327-2026
850,Kipper,Lewsam,877-435-8061
851,Hamlin,Islep,952-932-9563
852,Quentin,Kochl,834-101-9799
853,Basile,Fulford,949-685-6210
854,Dun,Stubbings,917-183-5768
855,Euphemia,Lackey,273-308-5095
856,Olly,Anneslie,162-734-3176
857,Lothario,Tropman,247-359-6416
858,Sigrid,Melton,770-431-5540
859,Salem,Mulvaney,760-295-2786
860,Hercule,Summons,140-219-6015
861,Corabelle,Wallbridge,325-178-1763
862,Debor,Galbraith,458-439-4493
863,Linnell,Franken,953-956-9891
864,Hube,Bartelet,936-897-1661
865,Krissy,Bargery,892-415-8863
866,Denise,Jurasz,292-965-3307
867,Marga,Danielczyk,788-774-0463
868,Carey,Andrzejczak,678-636-8266
869,Michael,Pindar,561-376-8344
870,Phyllis,Gallardo,652-647-1264
871,Dacy,Bernard,604-101-9894
872,Harcourt,Metson,678-196-6256
873,Piotr,Gagin,917-326-9427
874,Clyde,Keyes,809-351-4461
875,Lynne,McCarrell,188-207-1767
876,Duffy,Duran,564-122-2879
877,Goldie,Lamburn,933-256-9455
878,Archie,Pibworth,332-313-6246
879,Adelina,Dunleavy,524-307-3438
880,Bettina,Faley,212-420-4839
881,Leonanie,Clawley,906-461-8814
882,Branden,Cattemull,602-332-3203
883,Nick,Scrowston,604-928-9186
884,Anderson,Pavyer,373-544-3993
885,Creighton,Huxley,710-886-9313
886,Giff,Starbucke,623-181-8015
887,Ellissa,Ebunoluwa,965-916-0961
888,Selle,Hertwell,615-404-5179
889,Marten,Suffield,278-250-1979
890,Joseph,Duchatel,904-322-5350
891,Gill,Moseby,362-172-6800
892,Torrance,Buzzing,503-346-9952
893,Myrvyn,Blackshaw,203-643-6458
894,Carlen,Simkovich,170-367-6945
895,Ab,Pettegree,120-810-4127
896,Joanne,Senior,353-101-0681
897,Caroline,Watkin,614-240-7745
898,Brenden,McDonagh,686-392-3526
899,Loydie,Thurlborn,181-518-5161
900,Alameda,Bonwell,217-109-8396
901,Selle,Marchment,256-870-5954
902,Carry,Pallesen,635-934-7178
903,Colline,Stuckey,182-560-8397
904,Amber,Stickel,723-219-9355
905,Laurella,Jeaves,287-878-7724
906,Leeann,Curnnokk,644-814-4877
907,Dario,Stile,665-495-1706
908,Brett,Hurd,445-301-4852
909,Rowena,Beadle,852-944-1046
910,Philly,Peever,740-562-4265
911,Alwyn,Ghelardi,918-527-0995
912,Natal,Averall,436-281-9257
913,Tildy,Haensel,160-371-0094
914,Rickert,Race,393-321-7306
915,Brocky,Roistone,502-324-7687
916,Jaquelin,Paskins,123-448-1424
917,Anderson,Huband,693-339-6405
918,Larry,Skoof,814-400-6286
919,Kendell,Eallis,768-464-3677
920,Lenard,Haugeh,595-271-5188
921,Farrell,McCarter,395-441-9367
922,Illa,Clifton,784-619-7019
923,Antonio,Threlfall,719-636-3241
924,Saxon,Darter,924-847-6191
925,Winslow,Bignall,715-303-8560
926,Elaine,Twinning,996-339-5368
927,Norman,Asgodby,110-153-5973
928,Melodee,Lydster,115-711-6112
929,Rosalind,Petran,108-540-0363
930,Burnaby,Cumberland,985-841-0690
931,Willabella,Itter,217-666-9919
932,Stanislaw,Olifaunt,345-137-7632
933,Adelind,Philippson,927-718-6956
934,Audry,Cerie,298-174-2985
935,Franky,Strainge,182-634-9186
936,Abraham,Levins,893-734-5502
937,Roberta,Champneys,991-366-8597
938,Sherwynd,Cottier,866-674-4389
939,Rea,Farthing,658-598-8438
940,Irita,Lochran,136-704-4358
941,Celestia,Duchasteau,452-440-2346
942,Johny,Farrears,400-928-6194
943,Dru,Trawin,511-883-7223
944,Aloise,Canland,157-256-2297
945,Beau,Baskeyfield,279-415-6810
946,Lynette,Huison,386-832-8342
947,Peadar,Kubica,669-467-4365
948,Kristofer,Parkey,529-340-2192
949,Hewie,Klassmann,165-751-3993
950,Eachelle,Mosconi,580-826-7831
951,Koenraad,Vreede,158-734-5026
952,Tailor,Alforde,566-558-1061
953,Daisy,Siflet,638-273-7920
954,Shurwood,Wardlow,818-779-2553
955,Nilson,Dyshart,996-244-8368
956,Hussein,Landell,781-971-7208
957,Kerry,Teligin,683-951-2245
958,Putnem,Raikes,409-613-7626
959,Giffie,Kleinstub,585-191-7338
960,Anne,Kuzemka,988-810-7758
961,Marie-jeanne,Boutton,839-207-8960
962,Neill,Halfhyde,289-511-5173
963,Verne,Ferebee,670-680-4169
964,Demetria,Morando,762-283-2264
965,Etan,Goolding,217-292-5542
966,Jacquenette,Caroll,953-903-6935
967,Janey,Georgescu,228-199-2280
968,Jermaine,Hayles,555-199-4988
969,Tibold,Dinsdale,860-957-8170
970,Marielle,Scatchar,283-473-2065
971,Adriano,Dollar,552-667-2647
972,Katherine,Stoeck,550-951-4994
973,Ofelia,Challenor,666-453-4292
974,Ara,Wegner,335-777-9884
975,Maddi,Rowett,338-372-0281
976,Franchot,Danielsson,129-541-9297
977,Roz,Whipple,178-314-5104
978,Cairistiona,Loveguard,105-880-5261
979,Samuel,Rosita,669-686-7096
980,Simonne,Vallens,910-271-2191
981,Justis,McGarry,858-702-8420
982,Gilberto,Manilow,815-945-0517
983,Fanchon,Medforth,155-824-7446
984,Mireille,Calam,454-920-3659
985,Lemmy,Pantling,208-247-6108
986,Liana,Heberden,337-502-0914
987,Sophey,Steptoe,689-121-8396
988,Jenna,Rossiter,461-329-1281
989,Emelina,Hawthorn,118-787-6297
990,Yance,Salazar,758-896-9998
991,Myer,Matevosian,392-413-9400
992,Glynda,Fliege,345-513-9703
993,Raleigh,Dolton,427-917-3197
994,Vernon,Lanning,541-431-0764
995,Irwinn,Lankford,550-671-8752
996,Whit,Smorthwaite,267-878-1953
997,Astra,Corcut,691-175-1742
998,Auberon,Macellar,447-182-5735
999,Nannette,Greenhouse,498-434-4735
1000,Codie,Leaman,965-108-4890